,from_id,to_id,travel_time
0,100,arts_quad,16.0
1,100,eng_quad,18.0
2,100,ag_quad,21.0
3,103,arts_quad,16.0
4,103,eng_quad,18.0
5,103,ag_quad,23.0
6,105,arts_quad,15.0
7,105,eng_quad,17.0
8,105,ag_quad,22.0
9,107,arts_quad,19.0
10,107,eng_quad,19.0
11,107,ag_quad,23.0
12,108,arts_quad,19.0
13,108,eng_quad,20.0
14,108,ag_quad,23.0
15,110,arts_quad,21.0
16,110,eng_quad,20.0
17,110,ag_quad,24.0
18,1111,arts_quad,14.0
19,1111,eng_quad,16.0
20,1111,ag_quad,21.0
21,1113,arts_quad,12.0
22,1113,eng_quad,15.0
23,1113,ag_quad,20.0
24,1119,arts_quad,16.0
25,1119,eng_quad,18.0
26,1119,ag_quad,23.0
27,112,arts_quad,21.0
28,112,eng_quad,20.0
29,112,ag_quad,23.0
30,1120,arts_quad,16.0
31,1120,eng_quad,18.0
32,1120,ag_quad,23.0
33,1121,arts_quad,20.0
34,1121,eng_quad,22.0
35,1121,ag_quad,27.0
36,1122,arts_quad,19.0
37,1122,eng_quad,21.0
38,1122,ag_quad,26.0
39,1123,arts_quad,20.0
40,1123,eng_quad,22.0
41,1123,ag_quad,27.0
42,1124,arts_quad,20.0
43,1124,eng_quad,22.0
44,1124,ag_quad,27.0
45,1125,arts_quad,25.0
46,1125,eng_quad,29.0
47,1125,ag_quad,34.0
48,1126,arts_quad,25.0
49,1126,eng_quad,29.0
50,1126,ag_quad,34.0
51,1129,arts_quad,36.0
52,1129,eng_quad,40.0
53,1129,ag_quad,43.0
54,113,arts_quad,21.0
55,113,eng_quad,21.0
56,113,ag_quad,25.0
57,1130,arts_quad,36.0
58,1130,eng_quad,40.0
59,1130,ag_quad,43.0
60,1137,arts_quad,41.0
61,1137,eng_quad,43.0
62,1137,ag_quad,47.0
63,1138,arts_quad,41.0
64,1138,eng_quad,43.0
65,1138,ag_quad,47.0
66,1143,arts_quad,43.0
67,1143,eng_quad,45.0
68,1143,ag_quad,50.0
69,115,arts_quad,22.0
70,115,eng_quad,20.0
71,115,ag_quad,24.0
72,117,arts_quad,27.0
73,117,eng_quad,27.0
74,117,ag_quad,32.0
75,127,arts_quad,26.0
76,127,eng_quad,25.0
77,127,ag_quad,30.0
78,128,arts_quad,25.0
79,128,eng_quad,24.0
80,128,ag_quad,29.0
81,1301,arts_quad,16.0
82,1301,eng_quad,26.0
83,1301,ag_quad,25.0
84,1307,arts_quad,12.0
85,1307,eng_quad,19.0
86,1307,ag_quad,22.0
87,1309,arts_quad,10.0
88,1309,eng_quad,17.0
89,1309,ag_quad,19.0
90,1310,arts_quad,10.0
91,1310,eng_quad,17.0
92,1310,ag_quad,19.0
93,1311,arts_quad,11.0
94,1311,eng_quad,17.0
95,1311,ag_quad,19.0
96,1314,arts_quad,16.0
97,1314,eng_quad,21.0
98,1314,ag_quad,22.0
99,1315,arts_quad,16.0
100,1315,eng_quad,21.0
101,1315,ag_quad,22.0
102,1316,arts_quad,20.0
103,1316,eng_quad,28.0
104,1316,ag_quad,26.0
105,1317,arts_quad,23.0
106,1317,eng_quad,30.0
107,1317,ag_quad,30.0
108,1323,arts_quad,10.0
109,1323,eng_quad,14.0
110,1323,ag_quad,12.0
111,1325,arts_quad,9.0
112,1325,eng_quad,14.0
113,1325,ag_quad,11.0
114,1326,arts_quad,7.0
115,1326,eng_quad,12.0
116,1326,ag_quad,11.0
117,1327,arts_quad,9.0
118,1327,eng_quad,14.0
119,1327,ag_quad,10.0
120,1328,arts_quad,11.0
121,1328,eng_quad,14.0
122,1328,ag_quad,11.0
123,1329,arts_quad,11.0
124,1329,eng_quad,15.0
125,1329,ag_quad,13.0
126,133,arts_quad,21.0
127,133,eng_quad,19.0
128,133,ag_quad,23.0
129,1330,arts_quad,11.0
130,1330,eng_quad,15.0
131,1330,ag_quad,14.0
132,1331,arts_quad,12.0
133,1331,eng_quad,17.0
134,1331,ag_quad,16.0
135,1332,arts_quad,12.0
136,1332,eng_quad,17.0
137,1332,ag_quad,16.0
138,134,arts_quad,22.0
139,134,eng_quad,19.0
140,134,ag_quad,23.0
141,1342,arts_quad,13.0
142,1342,eng_quad,16.0
143,1342,ag_quad,18.0
144,1343,arts_quad,12.0
145,1343,eng_quad,16.0
146,1343,ag_quad,18.0
147,1344,arts_quad,13.0
148,1344,eng_quad,16.0
149,1344,ag_quad,18.0
150,1345,arts_quad,12.0
151,1345,eng_quad,16.0
152,1345,ag_quad,18.0
153,1346,arts_quad,13.0
154,1346,eng_quad,16.0
155,1346,ag_quad,18.0
156,1347,arts_quad,12.0
157,1347,eng_quad,16.0
158,1347,ag_quad,18.0
159,1348,arts_quad,12.0
160,1348,eng_quad,16.0
161,1348,ag_quad,18.0
162,1349,arts_quad,13.0
163,1349,eng_quad,17.0
164,1349,ag_quad,18.0
165,135,arts_quad,24.0
166,135,eng_quad,21.0
167,135,ag_quad,25.0
168,1353,arts_quad,14.0
169,1353,eng_quad,18.0
170,1353,ag_quad,21.0
171,1355,arts_quad,15.0
172,1355,eng_quad,17.0
173,1355,ag_quad,18.0
174,1356,arts_quad,14.0
175,1356,eng_quad,16.0
176,1356,ag_quad,18.0
177,1357,arts_quad,14.0
178,1357,eng_quad,16.0
179,1357,ag_quad,17.0
180,1358,arts_quad,14.0
181,1358,eng_quad,16.0
182,1358,ag_quad,18.0
183,1360,arts_quad,15.0
184,1360,eng_quad,17.0
185,1360,ag_quad,22.0
186,1361,arts_quad,15.0
187,1361,eng_quad,17.0
188,1361,ag_quad,22.0
189,1362,arts_quad,22.0
190,1362,eng_quad,27.0
191,1362,ag_quad,26.0
192,1363,arts_quad,19.0
193,1363,eng_quad,21.0
194,1363,ag_quad,25.0
195,1367,arts_quad,29.0
196,1367,eng_quad,31.0
197,1367,ag_quad,30.0
198,1368,arts_quad,29.0
199,1368,eng_quad,31.0
200,1368,ag_quad,31.0
201,1371,arts_quad,29.0
202,1371,eng_quad,31.0
203,1371,ag_quad,36.0
204,1372,arts_quad,29.0
205,1372,eng_quad,31.0
206,1372,ag_quad,36.0
207,1373,arts_quad,29.0
208,1373,eng_quad,31.0
209,1373,ag_quad,36.0
210,1375,arts_quad,29.0
211,1375,eng_quad,31.0
212,1375,ag_quad,35.0
213,1376,arts_quad,29.0
214,1376,eng_quad,31.0
215,1376,ag_quad,36.0
216,1377,arts_quad,32.0
217,1377,eng_quad,34.0
218,1377,ag_quad,38.0
219,1378,arts_quad,32.0
220,1378,eng_quad,34.0
221,1378,ag_quad,39.0
222,1508,arts_quad,9.0
223,1508,eng_quad,16.0
224,1508,ag_quad,19.0
225,1511,arts_quad,7.0
226,1511,eng_quad,14.0
227,1511,ag_quad,16.0
228,1512,arts_quad,6.0
229,1512,eng_quad,10.0
230,1512,ag_quad,15.0
231,1513,arts_quad,6.0
232,1513,eng_quad,10.0
233,1513,ag_quad,15.0
234,1520,arts_quad,8.0
235,1520,eng_quad,11.0
236,1520,ag_quad,12.0
237,1521,arts_quad,8.0
238,1521,eng_quad,11.0
239,1521,ag_quad,12.0
240,1524,arts_quad,2.0
241,1524,eng_quad,10.0
242,1524,ag_quad,9.0
243,1525,arts_quad,3.0
244,1525,eng_quad,10.0
245,1525,ag_quad,8.0
246,1530,arts_quad,8.0
247,1530,eng_quad,5.0
248,1530,ag_quad,16.0
249,1531,arts_quad,8.0
250,1531,eng_quad,4.0
251,1531,ag_quad,16.0
252,1533,arts_quad,6.0
253,1533,eng_quad,3.0
254,1533,ag_quad,11.0
255,1534,arts_quad,8.0
256,1534,eng_quad,2.0
257,1534,ag_quad,12.0
258,1535,arts_quad,11.0
259,1535,eng_quad,4.0
260,1535,ag_quad,9.0
261,1540,arts_quad,4.0
262,1540,eng_quad,6.0
263,1540,ag_quad,8.0
264,1541,arts_quad,5.0
265,1541,eng_quad,6.0
266,1541,ag_quad,7.0
267,1542,arts_quad,8.0
268,1542,eng_quad,10.0
269,1542,ag_quad,4.0
270,1543,arts_quad,8.0
271,1543,eng_quad,10.0
272,1543,ag_quad,4.0
273,1544,arts_quad,9.0
274,1544,eng_quad,11.0
275,1544,ag_quad,5.0
276,1545,arts_quad,10.0
277,1545,eng_quad,12.0
278,1545,ag_quad,5.0
279,1546,arts_quad,10.0
280,1546,eng_quad,12.0
281,1546,ag_quad,9.0
282,1547,arts_quad,11.0
283,1547,eng_quad,12.0
284,1547,ag_quad,10.0
285,1549,arts_quad,8.0
286,1549,eng_quad,9.0
287,1549,ag_quad,4.0
288,1553,arts_quad,12.0
289,1553,eng_quad,13.0
290,1553,ag_quad,11.0
291,1555,arts_quad,12.0
292,1555,eng_quad,14.0
293,1555,ag_quad,11.0
294,1556,arts_quad,15.0
295,1556,eng_quad,16.0
296,1556,ag_quad,14.0
297,1557,arts_quad,15.0
298,1557,eng_quad,16.0
299,1557,ag_quad,14.0
300,1562,arts_quad,14.0
301,1562,eng_quad,14.0
302,1562,ag_quad,12.0
303,1564,arts_quad,14.0
304,1564,eng_quad,14.0
305,1564,ag_quad,14.0
306,165,arts_quad,17.0
307,165,eng_quad,17.0
308,165,ag_quad,19.0
309,1701,arts_quad,18.0
310,1701,eng_quad,16.0
311,1701,ag_quad,18.0
312,1702,arts_quad,19.0
313,1702,eng_quad,17.0
314,1702,ag_quad,20.0
315,1703,arts_quad,19.0
316,1703,eng_quad,16.0
317,1703,ag_quad,19.0
318,1704,arts_quad,19.0
319,1704,eng_quad,16.0
320,1704,ag_quad,19.0
321,1708,arts_quad,36.0
322,1708,eng_quad,31.0
323,1708,ag_quad,33.0
324,1709,arts_quad,36.0
325,1709,eng_quad,31.0
326,1709,ag_quad,33.0
327,171,arts_quad,19.0
328,171,eng_quad,18.0
329,171,ag_quad,21.0
330,1710,arts_quad,21.0
331,1710,eng_quad,15.0
332,1710,ag_quad,22.0
333,1711,arts_quad,20.0
334,1711,eng_quad,15.0
335,1711,ag_quad,22.0
336,1712,arts_quad,21.0
337,1712,eng_quad,16.0
338,1712,ag_quad,22.0
339,1713,arts_quad,21.0
340,1713,eng_quad,16.0
341,1713,ag_quad,22.0
342,1714,arts_quad,17.0
343,1714,eng_quad,12.0
344,1714,ag_quad,21.0
345,1715,arts_quad,16.0
346,1715,eng_quad,10.0
347,1715,ag_quad,20.0
348,1716,arts_quad,12.0
349,1716,eng_quad,7.0
350,1716,ag_quad,17.0
351,1717,arts_quad,12.0
352,1717,eng_quad,6.0
353,1717,ag_quad,17.0
354,1719,arts_quad,12.0
355,1719,eng_quad,6.0
356,1719,ag_quad,17.0
357,172,arts_quad,18.0
358,172,eng_quad,17.0
359,172,ag_quad,21.0
360,1721,arts_quad,18.0
361,1721,eng_quad,16.0
362,1721,ag_quad,18.0
363,1722,arts_quad,18.0
364,1722,eng_quad,16.0
365,1722,ag_quad,18.0
366,1725,arts_quad,17.0
367,1725,eng_quad,14.0
368,1725,ag_quad,17.0
369,1726,arts_quad,18.0
370,1726,eng_quad,15.0
371,1726,ag_quad,19.0
372,1746,arts_quad,19.0
373,1746,eng_quad,17.0
374,1746,ag_quad,21.0
375,1747,arts_quad,19.0
376,1747,eng_quad,17.0
377,1747,ag_quad,21.0
378,1751,arts_quad,18.0
379,1751,eng_quad,14.0
380,1751,ag_quad,14.0
381,1752,arts_quad,18.0
382,1752,eng_quad,14.0
383,1752,ag_quad,14.0
384,1753,arts_quad,23.0
385,1753,eng_quad,18.0
386,1753,ag_quad,18.0
387,1754,arts_quad,23.0
388,1754,eng_quad,18.0
389,1754,ag_quad,18.0
390,1755,arts_quad,14.0
391,1755,eng_quad,16.0
392,1755,ag_quad,13.0
393,1756,arts_quad,15.0
394,1756,eng_quad,16.0
395,1756,ag_quad,14.0
396,1757,arts_quad,14.0
397,1757,eng_quad,16.0
398,1757,ag_quad,13.0
399,1758,arts_quad,14.0
400,1758,eng_quad,15.0
401,1758,ag_quad,13.0
402,1767,arts_quad,18.0
403,1767,eng_quad,17.0
404,1767,ag_quad,17.0
405,1768,arts_quad,18.0
406,1768,eng_quad,17.0
407,1768,ag_quad,17.0
408,1769,arts_quad,20.0
409,1769,eng_quad,19.0
410,1769,ag_quad,19.0
411,1770,arts_quad,23.0
412,1770,eng_quad,21.0
413,1770,ag_quad,23.0
414,1771,arts_quad,24.0
415,1771,eng_quad,22.0
416,1771,ag_quad,24.0
417,1772,arts_quad,23.0
418,1772,eng_quad,21.0
419,1772,ag_quad,23.0
420,1774,arts_quad,20.0
421,1774,eng_quad,19.0
422,1774,ag_quad,19.0
423,2309,arts_quad,51.0
424,2309,eng_quad,49.0
425,2309,ag_quad,51.0
426,2310,arts_quad,51.0
427,2310,eng_quad,49.0
428,2310,ag_quad,51.0
429,2315,arts_quad,
430,2315,eng_quad,
431,2315,ag_quad,
432,2316,arts_quad,
433,2316,eng_quad,
434,2316,ag_quad,
435,2319,arts_quad,
436,2319,eng_quad,
437,2319,ag_quad,
438,2320,arts_quad,
439,2320,eng_quad,
440,2320,ag_quad,
441,2323,arts_quad,
442,2323,eng_quad,
443,2323,ag_quad,
444,2324,arts_quad,
445,2324,eng_quad,
446,2324,ag_quad,
447,2325,arts_quad,
448,2325,eng_quad,
449,2325,ag_quad,
450,2326,arts_quad,
451,2326,eng_quad,
452,2326,ag_quad,
453,2329,arts_quad,
454,2329,eng_quad,
455,2329,ag_quad,
456,2330,arts_quad,
457,2330,eng_quad,
458,2330,ag_quad,
459,2333,arts_quad,
460,2333,eng_quad,
461,2333,ag_quad,
462,2334,arts_quad,
463,2334,eng_quad,
464,2334,ag_quad,
465,2337,arts_quad,
466,2337,eng_quad,
467,2337,ag_quad,
468,2338,arts_quad,
469,2338,eng_quad,
470,2338,ag_quad,
471,2339,arts_quad,
472,2339,eng_quad,
473,2339,ag_quad,
474,2511,arts_quad,50.0
475,2511,eng_quad,48.0
476,2511,ag_quad,50.0
477,2514,arts_quad,50.0
478,2514,eng_quad,48.0
479,2514,ag_quad,50.0
480,2533,arts_quad,50.0
481,2533,eng_quad,48.0
482,2533,ag_quad,50.0
483,2534,arts_quad,50.0
484,2534,eng_quad,48.0
485,2534,ag_quad,50.0
486,2542,arts_quad,50.0
487,2542,eng_quad,48.0
488,2542,ag_quad,50.0
489,2543,arts_quad,50.0
490,2543,eng_quad,48.0
491,2543,ag_quad,50.0
492,2545,arts_quad,50.0
493,2545,eng_quad,48.0
494,2545,ag_quad,50.0
495,2547,arts_quad,50.0
496,2547,eng_quad,48.0
497,2547,ag_quad,50.0
498,2549,arts_quad,50.0
499,2549,eng_quad,48.0
500,2549,ag_quad,50.0
501,2550,arts_quad,50.0
502,2550,eng_quad,48.0
503,2550,ag_quad,50.0
504,2555,arts_quad,50.0
505,2555,eng_quad,48.0
506,2555,ag_quad,50.0
507,2556,arts_quad,50.0
508,2556,eng_quad,48.0
509,2556,ag_quad,50.0
510,2557,arts_quad,50.0
511,2557,eng_quad,48.0
512,2557,ag_quad,50.0
513,2559,arts_quad,50.0
514,2559,eng_quad,48.0
515,2559,ag_quad,50.0
516,2560,arts_quad,50.0
517,2560,eng_quad,48.0
518,2560,ag_quad,50.0
519,2563,arts_quad,50.0
520,2563,eng_quad,48.0
521,2563,ag_quad,50.0
522,2564,arts_quad,50.0
523,2564,eng_quad,48.0
524,2564,ag_quad,50.0
525,2567,arts_quad,50.0
526,2567,eng_quad,48.0
527,2567,ag_quad,50.0
528,2568,arts_quad,50.0
529,2568,eng_quad,48.0
530,2568,ag_quad,50.0
531,2573,arts_quad,50.0
532,2573,eng_quad,48.0
533,2573,ag_quad,50.0
534,2574,arts_quad,50.0
535,2574,eng_quad,48.0
536,2574,ag_quad,50.0
537,2577,arts_quad,50.0
538,2577,eng_quad,48.0
539,2577,ag_quad,50.0
540,2578,arts_quad,50.0
541,2578,eng_quad,48.0
542,2578,ag_quad,50.0
543,2581,arts_quad,50.0
544,2581,eng_quad,48.0
545,2581,ag_quad,50.0
546,2582,arts_quad,50.0
547,2582,eng_quad,48.0
548,2582,ag_quad,50.0
549,2583,arts_quad,50.0
550,2583,eng_quad,48.0
551,2583,ag_quad,50.0
552,2584,arts_quad,50.0
553,2584,eng_quad,48.0
554,2584,ag_quad,50.0
555,2611,arts_quad,50.0
556,2611,eng_quad,48.0
557,2611,ag_quad,50.0
558,2612,arts_quad,50.0
559,2612,eng_quad,48.0
560,2612,ag_quad,50.0
561,2615,arts_quad,50.0
562,2615,eng_quad,48.0
563,2615,ag_quad,50.0
564,2616,arts_quad,50.0
565,2616,eng_quad,48.0
566,2616,ag_quad,50.0
567,2619,arts_quad,50.0
568,2619,eng_quad,48.0
569,2619,ag_quad,50.0
570,2620,arts_quad,50.0
571,2620,eng_quad,48.0
572,2620,ag_quad,50.0
573,2623,arts_quad,50.0
574,2623,eng_quad,48.0
575,2623,ag_quad,50.0
576,2624,arts_quad,50.0
577,2624,eng_quad,48.0
578,2624,ag_quad,50.0
579,2627,arts_quad,50.0
580,2627,eng_quad,48.0
581,2627,ag_quad,50.0
582,2628,arts_quad,50.0
583,2628,eng_quad,48.0
584,2628,ag_quad,50.0
585,2631,arts_quad,50.0
586,2631,eng_quad,48.0
587,2631,ag_quad,50.0
588,2641,arts_quad,
589,2641,eng_quad,
590,2641,ag_quad,
591,2669,arts_quad,50.0
592,2669,eng_quad,48.0
593,2669,ag_quad,50.0
594,2670,arts_quad,50.0
595,2670,eng_quad,48.0
596,2670,ag_quad,50.0
597,2671,arts_quad,50.0
598,2671,eng_quad,48.0
599,2671,ag_quad,50.0
600,3111,arts_quad,44.0
601,3111,eng_quad,46.0
602,3111,ag_quad,51.0
603,3112,arts_quad,44.0
604,3112,eng_quad,46.0
605,3112,ag_quad,51.0
606,3115,arts_quad,44.0
607,3115,eng_quad,46.0
608,3115,ag_quad,51.0
609,3116,arts_quad,44.0
610,3116,eng_quad,46.0
611,3116,ag_quad,51.0
612,3119,arts_quad,44.0
613,3119,eng_quad,46.0
614,3119,ag_quad,51.0
615,3120,arts_quad,44.0
616,3120,eng_quad,46.0
617,3120,ag_quad,51.0
618,3129,arts_quad,44.0
619,3129,eng_quad,46.0
620,3129,ag_quad,51.0
621,313,arts_quad,24.0
622,313,eng_quad,22.0
623,313,ag_quad,27.0
624,3130,arts_quad,44.0
625,3130,eng_quad,46.0
626,3130,ag_quad,51.0
627,3137,arts_quad,44.0
628,3137,eng_quad,46.0
629,3137,ag_quad,51.0
630,3139,arts_quad,44.0
631,3139,eng_quad,46.0
632,3139,ag_quad,51.0
633,314,arts_quad,24.0
634,314,eng_quad,22.0
635,314,ag_quad,27.0
636,3140,arts_quad,44.0
637,3140,eng_quad,46.0
638,3140,ag_quad,51.0
639,3141,arts_quad,44.0
640,3141,eng_quad,46.0
641,3141,ag_quad,51.0
642,3142,arts_quad,44.0
643,3142,eng_quad,46.0
644,3142,ag_quad,51.0
645,3149,arts_quad,
646,3149,eng_quad,
647,3149,ag_quad,
648,3150,arts_quad,
649,3150,eng_quad,
650,3150,ag_quad,
651,3154,arts_quad,
652,3154,eng_quad,
653,3154,ag_quad,
654,317,arts_quad,28.0
655,317,eng_quad,30.0
656,317,ag_quad,35.0
657,318,arts_quad,28.0
658,318,eng_quad,30.0
659,318,ag_quad,35.0
660,323,arts_quad,36.0
661,323,eng_quad,34.0
662,323,ag_quad,41.0
663,324,arts_quad,37.0
664,324,eng_quad,35.0
665,324,ag_quad,42.0
666,327,arts_quad,39.0
667,327,eng_quad,36.0
668,327,ag_quad,43.0
669,328,arts_quad,38.0
670,328,eng_quad,36.0
671,328,ag_quad,43.0
672,329,arts_quad,42.0
673,329,eng_quad,39.0
674,329,ag_quad,45.0
675,330,arts_quad,42.0
676,330,eng_quad,39.0
677,330,ag_quad,45.0
678,3305,arts_quad,119.0
679,3305,eng_quad,
680,3305,ag_quad,
681,3306,arts_quad,119.0
682,3306,eng_quad,
683,3306,ag_quad,
684,3309,arts_quad,44.0
685,3309,eng_quad,46.0
686,3309,ag_quad,51.0
687,3310,arts_quad,44.0
688,3310,eng_quad,46.0
689,3310,ag_quad,51.0
690,3312,arts_quad,44.0
691,3312,eng_quad,46.0
692,3312,ag_quad,51.0
693,3313,arts_quad,44.0
694,3313,eng_quad,46.0
695,3313,ag_quad,51.0
696,3314,arts_quad,44.0
697,3314,eng_quad,46.0
698,3314,ag_quad,51.0
699,3315,arts_quad,44.0
700,3315,eng_quad,46.0
701,3315,ag_quad,51.0
702,3316,arts_quad,44.0
703,3316,eng_quad,46.0
704,3316,ag_quad,51.0
705,337,arts_quad,48.0
706,337,eng_quad,45.0
707,337,ag_quad,48.0
708,338,arts_quad,48.0
709,338,eng_quad,45.0
710,338,ag_quad,48.0
711,339,arts_quad,50.0
712,339,eng_quad,48.0
713,339,ag_quad,50.0
714,340,arts_quad,50.0
715,340,eng_quad,48.0
716,340,ag_quad,50.0
717,341,arts_quad,50.0
718,341,eng_quad,48.0
719,341,ag_quad,50.0
720,342,arts_quad,50.0
721,342,eng_quad,48.0
722,342,ag_quad,50.0
723,343,arts_quad,50.0
724,343,eng_quad,48.0
725,343,ag_quad,50.0
726,348,arts_quad,50.0
727,348,eng_quad,48.0
728,348,ag_quad,50.0
729,349,arts_quad,50.0
730,349,eng_quad,48.0
731,349,ag_quad,50.0
732,351,arts_quad,50.0
733,351,eng_quad,48.0
734,351,ag_quad,50.0
735,3511,arts_quad,26.0
736,3511,eng_quad,28.0
737,3511,ag_quad,33.0
738,3512,arts_quad,27.0
739,3512,eng_quad,29.0
740,3512,ag_quad,34.0
741,3515,arts_quad,17.0
742,3515,eng_quad,19.0
743,3515,ag_quad,24.0
744,3516,arts_quad,16.0
745,3516,eng_quad,18.0
746,3516,ag_quad,23.0
747,352,arts_quad,50.0
748,352,eng_quad,48.0
749,352,ag_quad,50.0
750,3521,arts_quad,17.0
751,3521,eng_quad,19.0
752,3521,ag_quad,24.0
753,3522,arts_quad,17.0
754,3522,eng_quad,19.0
755,3522,ag_quad,24.0
756,3523,arts_quad,25.0
757,3523,eng_quad,27.0
758,3523,ag_quad,32.0
759,3524,arts_quad,25.0
760,3524,eng_quad,27.0
761,3524,ag_quad,32.0
762,3525,arts_quad,18.0
763,3525,eng_quad,20.0
764,3525,ag_quad,25.0
765,3526,arts_quad,19.0
766,3526,eng_quad,21.0
767,3526,ag_quad,26.0
768,3547,arts_quad,29.0
769,3547,eng_quad,31.0
770,3547,ag_quad,36.0
771,3548,arts_quad,29.0
772,3548,eng_quad,31.0
773,3548,ag_quad,36.0
774,3549,arts_quad,29.0
775,3549,eng_quad,31.0
776,3549,ag_quad,36.0
777,355,arts_quad,28.0
778,355,eng_quad,30.0
779,355,ag_quad,35.0
780,3550,arts_quad,29.0
781,3550,eng_quad,31.0
782,3550,ag_quad,36.0
783,3553,arts_quad,40.0
784,3553,eng_quad,45.0
785,3553,ag_quad,43.0
786,3554,arts_quad,40.0
787,3554,eng_quad,45.0
788,3554,ag_quad,43.0
789,3555,arts_quad,32.0
790,3555,eng_quad,34.0
791,3555,ag_quad,39.0
792,3556,arts_quad,32.0
793,3556,eng_quad,34.0
794,3556,ag_quad,39.0
795,3557,arts_quad,38.0
796,3557,eng_quad,43.0
797,3557,ag_quad,41.0
798,3558,arts_quad,37.0
799,3558,eng_quad,42.0
800,3558,ag_quad,41.0
801,3559,arts_quad,41.0
802,3559,eng_quad,46.0
803,3559,ag_quad,44.0
804,356,arts_quad,27.0
805,356,eng_quad,28.0
806,356,ag_quad,33.0
807,3560,arts_quad,41.0
808,3560,eng_quad,46.0
809,3560,ag_quad,44.0
810,3579,arts_quad,27.0
811,3579,eng_quad,29.0
812,3579,ag_quad,34.0
813,358,arts_quad,36.0
814,358,eng_quad,34.0
815,358,ag_quad,40.0
816,3587,arts_quad,29.0
817,3587,eng_quad,31.0
818,3587,ag_quad,36.0
819,3588,arts_quad,25.0
820,3588,eng_quad,27.0
821,3588,ag_quad,32.0
822,3593,arts_quad,19.0
823,3593,eng_quad,21.0
824,3593,ag_quad,26.0
825,3601,arts_quad,29.0
826,3601,eng_quad,31.0
827,3601,ag_quad,36.0
828,3605,arts_quad,40.0
829,3605,eng_quad,43.0
830,3605,ag_quad,43.0
831,3606,arts_quad,41.0
832,3606,eng_quad,44.0
833,3606,ag_quad,45.0
834,3609,arts_quad,44.0
835,3609,eng_quad,46.0
836,3609,ag_quad,51.0
837,361,arts_quad,50.0
838,361,eng_quad,48.0
839,361,ag_quad,50.0
840,3610,arts_quad,44.0
841,3610,eng_quad,46.0
842,3610,ag_quad,51.0
843,3613,arts_quad,44.0
844,3613,eng_quad,46.0
845,3613,ag_quad,51.0
846,3614,arts_quad,44.0
847,3614,eng_quad,46.0
848,3614,ag_quad,51.0
849,365,arts_quad,50.0
850,365,eng_quad,48.0
851,365,ag_quad,50.0
852,368,arts_quad,50.0
853,368,eng_quad,48.0
854,368,ag_quad,50.0
855,369,arts_quad,50.0
856,369,eng_quad,48.0
857,369,ag_quad,50.0
858,3711,arts_quad,16.0
859,3711,eng_quad,18.0
860,3711,ag_quad,23.0
861,3712,arts_quad,15.0
862,3712,eng_quad,17.0
863,3712,ag_quad,22.0
864,3715,arts_quad,29.0
865,3715,eng_quad,31.0
866,3715,ag_quad,36.0
867,3716,arts_quad,29.0
868,3716,eng_quad,31.0
869,3716,ag_quad,36.0
870,372,arts_quad,50.0
871,372,eng_quad,48.0
872,372,ag_quad,50.0
873,3721,arts_quad,41.0
874,3721,eng_quad,46.0
875,3721,ag_quad,44.0
876,3722,arts_quad,41.0
877,3722,eng_quad,46.0
878,3722,ag_quad,44.0
879,3725,arts_quad,41.0
880,3725,eng_quad,46.0
881,3725,ag_quad,44.0
882,3726,arts_quad,41.0
883,3726,eng_quad,46.0
884,3726,ag_quad,44.0
885,3727,arts_quad,41.0
886,3727,eng_quad,46.0
887,3727,ag_quad,44.0
888,3728,arts_quad,41.0
889,3728,eng_quad,46.0
890,3728,ag_quad,44.0
891,3733,arts_quad,41.0
892,3733,eng_quad,46.0
893,3733,ag_quad,44.0
894,3735,arts_quad,41.0
895,3735,eng_quad,46.0
896,3735,ag_quad,44.0
897,374,arts_quad,50.0
898,374,eng_quad,48.0
899,374,ag_quad,50.0
900,3740,arts_quad,41.0
901,3740,eng_quad,46.0
902,3740,ag_quad,44.0
903,3741,arts_quad,41.0
904,3741,eng_quad,46.0
905,3741,ag_quad,44.0
906,3743,arts_quad,41.0
907,3743,eng_quad,46.0
908,3743,ag_quad,44.0
909,3744,arts_quad,41.0
910,3744,eng_quad,46.0
911,3744,ag_quad,44.0
912,3747,arts_quad,41.0
913,3747,eng_quad,46.0
914,3747,ag_quad,44.0
915,3748,arts_quad,41.0
916,3748,eng_quad,46.0
917,3748,ag_quad,44.0
918,3749,arts_quad,41.0
919,3749,eng_quad,46.0
920,3749,ag_quad,44.0
921,3750,arts_quad,41.0
922,3750,eng_quad,46.0
923,3750,ag_quad,44.0
924,3751,arts_quad,88.0
925,3751,eng_quad,90.0
926,3751,ag_quad,95.0
927,3752,arts_quad,87.0
928,3752,eng_quad,89.0
929,3752,ag_quad,94.0
930,3759,arts_quad,104.0
931,3759,eng_quad,106.0
932,3759,ag_quad,111.0
933,376,arts_quad,50.0
934,376,eng_quad,48.0
935,376,ag_quad,50.0
936,3760,arts_quad,104.0
937,3760,eng_quad,106.0
938,3760,ag_quad,111.0
939,3761,arts_quad,115.0
940,3761,eng_quad,117.0
941,3761,ag_quad,119.0
942,3762,arts_quad,101.0
943,3762,eng_quad,103.0
944,3762,ag_quad,108.0
945,3763,arts_quad,101.0
946,3763,eng_quad,103.0
947,3763,ag_quad,108.0
948,3764,arts_quad,104.0
949,3764,eng_quad,106.0
950,3764,ag_quad,111.0
951,3765,arts_quad,104.0
952,3765,eng_quad,106.0
953,3765,ag_quad,111.0
954,3781,arts_quad,41.0
955,3781,eng_quad,46.0
956,3781,ag_quad,44.0
957,3782,arts_quad,41.0
958,3782,eng_quad,46.0
959,3782,ag_quad,44.0
960,3783,arts_quad,41.0
961,3783,eng_quad,46.0
962,3783,ag_quad,44.0
963,3784,arts_quad,41.0
964,3784,eng_quad,46.0
965,3784,ag_quad,44.0
966,3785,arts_quad,41.0
967,3785,eng_quad,46.0
968,3785,ag_quad,44.0
969,3790,arts_quad,41.0
970,3790,eng_quad,46.0
971,3790,ag_quad,44.0
972,3794,arts_quad,41.0
973,3794,eng_quad,46.0
974,3794,ag_quad,44.0
975,3900,arts_quad,34.0
976,3900,eng_quad,40.0
977,3900,ag_quad,40.0
978,3901,arts_quad,34.0
979,3901,eng_quad,36.0
980,3901,ag_quad,40.0
981,3902,arts_quad,34.0
982,3902,eng_quad,40.0
983,3902,ag_quad,40.0
984,3903,arts_quad,41.0
985,3903,eng_quad,46.0
986,3903,ag_quad,45.0
987,3904,arts_quad,41.0
988,3904,eng_quad,46.0
989,3904,ag_quad,45.0
990,3905,arts_quad,43.0
991,3905,eng_quad,46.0
992,3905,ag_quad,48.0
993,3906,arts_quad,43.0
994,3906,eng_quad,46.0
995,3906,ag_quad,48.0
996,3909,arts_quad,45.0
997,3909,eng_quad,47.0
998,3909,ag_quad,52.0
999,3911,arts_quad,46.0
1000,3911,eng_quad,47.0
1001,3911,ag_quad,53.0
1002,3915,arts_quad,42.0
1003,3915,eng_quad,46.0
1004,3915,ag_quad,45.0
1005,3917,arts_quad,43.0
1006,3917,eng_quad,46.0
1007,3917,ag_quad,47.0
1008,3919,arts_quad,41.0
1009,3919,eng_quad,46.0
1010,3919,ag_quad,44.0
1011,3921,arts_quad,41.0
1012,3921,eng_quad,46.0
1013,3921,ag_quad,44.0
1014,3923,arts_quad,43.0
1015,3923,eng_quad,46.0
1016,3923,ag_quad,48.0
1017,3931,arts_quad,46.0
1018,3931,eng_quad,47.0
1019,3931,ag_quad,53.0
1020,3932,arts_quad,46.0
1021,3932,eng_quad,47.0
1022,3932,ag_quad,53.0
1023,3936,arts_quad,46.0
1024,3936,eng_quad,47.0
1025,3936,ag_quad,53.0
1026,3937,arts_quad,46.0
1027,3937,eng_quad,47.0
1028,3937,ag_quad,53.0
1029,3951,arts_quad,46.0
1030,3951,eng_quad,47.0
1031,3951,ag_quad,53.0
1032,3954,arts_quad,47.0
1033,3954,eng_quad,48.0
1034,3954,ag_quad,54.0
1035,4311,arts_quad,77.0
1036,4311,eng_quad,76.0
1037,4311,ag_quad,76.0
1038,4312,arts_quad,77.0
1039,4312,eng_quad,76.0
1040,4312,ag_quad,76.0
1041,4315,arts_quad,82.0
1042,4315,eng_quad,81.0
1043,4315,ag_quad,81.0
1044,4316,arts_quad,82.0
1045,4316,eng_quad,81.0
1046,4316,ag_quad,81.0
1047,4318,arts_quad,104.0
1048,4318,eng_quad,103.0
1049,4318,ag_quad,103.0
1050,4321,arts_quad,103.0
1051,4321,eng_quad,102.0
1052,4321,ag_quad,102.0
1053,4322,arts_quad,103.0
1054,4322,eng_quad,102.0
1055,4322,ag_quad,102.0
1056,4325,arts_quad,107.0
1057,4325,eng_quad,106.0
1058,4325,ag_quad,106.0
1059,4326,arts_quad,107.0
1060,4326,eng_quad,106.0
1061,4326,ag_quad,106.0
1062,4328,arts_quad,106.0
1063,4328,eng_quad,105.0
1064,4328,ag_quad,105.0
1065,4335,arts_quad,107.0
1066,4335,eng_quad,106.0
1067,4335,ag_quad,106.0
1068,4336,arts_quad,107.0
1069,4336,eng_quad,106.0
1070,4336,ag_quad,106.0
1071,4351,arts_quad,107.0
1072,4351,eng_quad,106.0
1073,4351,ag_quad,106.0
1074,4352,arts_quad,107.0
1075,4352,eng_quad,106.0
1076,4352,ag_quad,106.0
1077,4355,arts_quad,107.0
1078,4355,eng_quad,106.0
1079,4355,ag_quad,106.0
1080,4356,arts_quad,107.0
1081,4356,eng_quad,106.0
1082,4356,ag_quad,106.0
1083,4359,arts_quad,107.0
1084,4359,eng_quad,106.0
1085,4359,ag_quad,106.0
1086,4360,arts_quad,107.0
1087,4360,eng_quad,106.0
1088,4360,ag_quad,106.0
1089,4361,arts_quad,107.0
1090,4361,eng_quad,106.0
1091,4361,ag_quad,106.0
1092,4362,arts_quad,107.0
1093,4362,eng_quad,106.0
1094,4362,ag_quad,106.0
1095,4365,arts_quad,107.0
1096,4365,eng_quad,106.0
1097,4365,ag_quad,106.0
1098,4375,arts_quad,107.0
1099,4375,eng_quad,106.0
1100,4375,ag_quad,106.0
1101,4378,arts_quad,107.0
1102,4378,eng_quad,106.0
1103,4378,ag_quad,106.0
1104,4387,arts_quad,107.0
1105,4387,eng_quad,106.0
1106,4387,ag_quad,106.0
1107,4505,arts_quad,31.0
1108,4505,eng_quad,30.0
1109,4505,ag_quad,30.0
1110,4506,arts_quad,31.0
1111,4506,eng_quad,30.0
1112,4506,ag_quad,30.0
1113,4509,arts_quad,31.0
1114,4509,eng_quad,30.0
1115,4509,ag_quad,30.0
1116,4510,arts_quad,31.0
1117,4510,eng_quad,30.0
1118,4510,ag_quad,30.0
1119,4511,arts_quad,31.0
1120,4511,eng_quad,30.0
1121,4511,ag_quad,30.0
1122,4512,arts_quad,31.0
1123,4512,eng_quad,30.0
1124,4512,ag_quad,30.0
1125,4515,arts_quad,31.0
1126,4515,eng_quad,30.0
1127,4515,ag_quad,30.0
1128,4516,arts_quad,31.0
1129,4516,eng_quad,30.0
1130,4516,ag_quad,30.0
1131,4517,arts_quad,31.0
1132,4517,eng_quad,30.0
1133,4517,ag_quad,30.0
1134,4518,arts_quad,31.0
1135,4518,eng_quad,30.0
1136,4518,ag_quad,30.0
1137,4521,arts_quad,31.0
1138,4521,eng_quad,30.0
1139,4521,ag_quad,30.0
1140,4522,arts_quad,31.0
1141,4522,eng_quad,30.0
1142,4522,ag_quad,30.0
1143,4527,arts_quad,31.0
1144,4527,eng_quad,30.0
1145,4527,ag_quad,30.0
1146,4528,arts_quad,31.0
1147,4528,eng_quad,30.0
1148,4528,ag_quad,30.0
1149,4537,arts_quad,31.0
1150,4537,eng_quad,30.0
1151,4537,ag_quad,30.0
1152,4538,arts_quad,31.0
1153,4538,eng_quad,30.0
1154,4538,ag_quad,30.0
1155,4539,arts_quad,31.0
1156,4539,eng_quad,30.0
1157,4539,ag_quad,30.0
1158,4540,arts_quad,31.0
1159,4540,eng_quad,30.0
1160,4540,ag_quad,30.0
1161,4543,arts_quad,31.0
1162,4543,eng_quad,30.0
1163,4543,ag_quad,30.0
1164,4544,arts_quad,31.0
1165,4544,eng_quad,30.0
1166,4544,ag_quad,30.0
1167,4550,arts_quad,46.0
1168,4550,eng_quad,47.0
1169,4550,ag_quad,53.0
1170,4554,arts_quad,46.0
1171,4554,eng_quad,47.0
1172,4554,ag_quad,53.0
1173,4561,arts_quad,46.0
1174,4561,eng_quad,47.0
1175,4561,ag_quad,53.0
1176,4565,arts_quad,46.0
1177,4565,eng_quad,47.0
1178,4565,ag_quad,53.0
1179,4567,arts_quad,46.0
1180,4567,eng_quad,47.0
1181,4567,ag_quad,53.0
1182,4569,arts_quad,46.0
1183,4569,eng_quad,47.0
1184,4569,ag_quad,53.0
1185,4570,arts_quad,46.0
1186,4570,eng_quad,47.0
1187,4570,ag_quad,53.0
1188,4572,arts_quad,46.0
1189,4572,eng_quad,47.0
1190,4572,ag_quad,53.0
1191,4707,arts_quad,31.0
1192,4707,eng_quad,30.0
1193,4707,ag_quad,30.0
1194,4708,arts_quad,31.0
1195,4708,eng_quad,30.0
1196,4708,ag_quad,30.0
1197,4709,arts_quad,31.0
1198,4709,eng_quad,30.0
1199,4709,ag_quad,30.0
1200,4710,arts_quad,31.0
1201,4710,eng_quad,30.0
1202,4710,ag_quad,30.0
1203,4713,arts_quad,32.0
1204,4713,eng_quad,31.0
1205,4713,ag_quad,31.0
1206,4714,arts_quad,31.0
1207,4714,eng_quad,30.0
1208,4714,ag_quad,30.0
1209,4715,arts_quad,31.0
1210,4715,eng_quad,30.0
1211,4715,ag_quad,30.0
1212,4716,arts_quad,31.0
1213,4716,eng_quad,30.0
1214,4716,ag_quad,30.0
1215,4717,arts_quad,31.0
1216,4717,eng_quad,30.0
1217,4717,ag_quad,30.0
1218,4718,arts_quad,31.0
1219,4718,eng_quad,30.0
1220,4718,ag_quad,30.0
1221,4723,arts_quad,31.0
1222,4723,eng_quad,30.0
1223,4723,ag_quad,30.0
1224,4724,arts_quad,32.0
1225,4724,eng_quad,31.0
1226,4724,ag_quad,31.0
1227,4728,arts_quad,77.0
1228,4728,eng_quad,76.0
1229,4728,ag_quad,76.0
1230,4732,arts_quad,77.0
1231,4732,eng_quad,76.0
1232,4732,ag_quad,76.0
1233,4733,arts_quad,75.0
1234,4733,eng_quad,74.0
1235,4733,ag_quad,74.0
1236,4734,arts_quad,76.0
1237,4734,eng_quad,75.0
1238,4734,ag_quad,75.0
1239,4735,arts_quad,76.0
1240,4735,eng_quad,75.0
1241,4735,ag_quad,75.0
1242,4737,arts_quad,35.0
1243,4737,eng_quad,34.0
1244,4737,ag_quad,34.0
1245,4749,arts_quad,77.0
1246,4749,eng_quad,76.0
1247,4749,ag_quad,76.0
1248,4750,arts_quad,76.0
1249,4750,eng_quad,75.0
1250,4750,ag_quad,75.0
1251,4751,arts_quad,77.0
1252,4751,eng_quad,76.0
1253,4751,ag_quad,76.0
1254,4752,arts_quad,77.0
1255,4752,eng_quad,76.0
1256,4752,ag_quad,76.0
1257,4755,arts_quad,77.0
1258,4755,eng_quad,76.0
1259,4755,ag_quad,76.0
1260,4756,arts_quad,77.0
1261,4756,eng_quad,76.0
1262,4756,ag_quad,76.0
1263,4773,arts_quad,77.0
1264,4773,eng_quad,76.0
1265,4773,ag_quad,76.0
1266,4776,arts_quad,77.0
1267,4776,eng_quad,76.0
1268,4776,ag_quad,76.0
1269,4779,arts_quad,77.0
1270,4779,eng_quad,76.0
1271,4779,ag_quad,76.0
1272,4780,arts_quad,77.0
1273,4780,eng_quad,76.0
1274,4780,ag_quad,76.0
1275,4783,arts_quad,77.0
1276,4783,eng_quad,76.0
1277,4783,ag_quad,76.0
1278,4787,arts_quad,77.0
1279,4787,eng_quad,76.0
1280,4787,ag_quad,76.0
1281,503,arts_quad,27.0
1282,503,eng_quad,27.0
1283,503,ag_quad,32.0
1284,504,arts_quad,25.0
1285,504,eng_quad,24.0
1286,504,ag_quad,29.0
1287,511,arts_quad,34.0
1288,511,eng_quad,33.0
1289,511,ag_quad,40.0
1290,512,arts_quad,33.0
1291,512,eng_quad,33.0
1292,512,ag_quad,39.0
1293,519,arts_quad,33.0
1294,519,eng_quad,33.0
1295,519,ag_quad,39.0
1296,520,arts_quad,31.0
1297,520,eng_quad,32.0
1298,520,ag_quad,38.0
1299,523,arts_quad,36.0
1300,523,eng_quad,34.0
1301,523,ag_quad,41.0
1302,524,arts_quad,36.0
1303,524,eng_quad,34.0
1304,524,ag_quad,41.0
1305,527,arts_quad,39.0
1306,527,eng_quad,37.0
1307,527,ag_quad,43.0
1308,528,arts_quad,39.0
1309,528,eng_quad,37.0
1310,528,ag_quad,43.0
1311,531,arts_quad,40.0
1312,531,eng_quad,38.0
1313,531,ag_quad,43.0
1314,532,arts_quad,40.0
1315,532,eng_quad,38.0
1316,532,ag_quad,44.0
1317,535,arts_quad,38.0
1318,535,eng_quad,35.0
1319,535,ag_quad,43.0
1320,536,arts_quad,42.0
1321,536,eng_quad,42.0
1322,536,ag_quad,46.0
1323,537,arts_quad,43.0
1324,537,eng_quad,42.0
1325,537,ag_quad,46.0
1326,538,arts_quad,42.0
1327,538,eng_quad,39.0
1328,538,ag_quad,45.0
1329,539,arts_quad,43.0
1330,539,eng_quad,40.0
1331,539,ag_quad,46.0
1332,541,arts_quad,40.0
1333,541,eng_quad,37.0
1334,541,ag_quad,43.0
1335,543,arts_quad,43.0
1336,543,eng_quad,40.0
1337,543,ag_quad,46.0
1338,545,arts_quad,47.0
1339,545,eng_quad,45.0
1340,545,ag_quad,47.0
1341,547,arts_quad,49.0
1342,547,eng_quad,47.0
1343,547,ag_quad,49.0
1344,549,arts_quad,50.0
1345,549,eng_quad,48.0
1346,549,ag_quad,50.0
1347,551,arts_quad,50.0
1348,551,eng_quad,48.0
1349,551,ag_quad,50.0
1350,5525,arts_quad,25.0
1351,5525,eng_quad,23.0
1352,5525,ag_quad,25.0
1353,5526,arts_quad,26.0
1354,5526,eng_quad,24.0
1355,5526,ag_quad,26.0
1356,5530,arts_quad,36.0
1357,5530,eng_quad,35.0
1358,5530,ag_quad,35.0
1359,5531,arts_quad,36.0
1360,5531,eng_quad,35.0
1361,5531,ag_quad,35.0
1362,5532,arts_quad,36.0
1363,5532,eng_quad,35.0
1364,5532,ag_quad,35.0
1365,5534,arts_quad,36.0
1366,5534,eng_quad,35.0
1367,5534,ag_quad,35.0
1368,5536,arts_quad,36.0
1369,5536,eng_quad,35.0
1370,5536,ag_quad,35.0
1371,5538,arts_quad,33.0
1372,5538,eng_quad,32.0
1373,5538,ag_quad,32.0
1374,5540,arts_quad,36.0
1375,5540,eng_quad,35.0
1376,5540,ag_quad,35.0
1377,5542,arts_quad,34.0
1378,5542,eng_quad,33.0
1379,5542,ag_quad,33.0
1380,5543,arts_quad,36.0
1381,5543,eng_quad,35.0
1382,5543,ag_quad,35.0
1383,5546,arts_quad,35.0
1384,5546,eng_quad,34.0
1385,5546,ag_quad,34.0
1386,5547,arts_quad,36.0
1387,5547,eng_quad,35.0
1388,5547,ag_quad,35.0
1389,5548,arts_quad,39.0
1390,5548,eng_quad,38.0
1391,5548,ag_quad,38.0
1392,5549,arts_quad,52.0
1393,5549,eng_quad,50.0
1394,5549,ag_quad,52.0
1395,5552,arts_quad,60.0
1396,5552,eng_quad,58.0
1397,5552,ag_quad,60.0
1398,5559,arts_quad,38.0
1399,5559,eng_quad,37.0
1400,5559,ag_quad,37.0
1401,5560,arts_quad,38.0
1402,5560,eng_quad,37.0
1403,5560,ag_quad,37.0
1404,559,arts_quad,43.0
1405,559,eng_quad,40.0
1406,559,ag_quad,46.0
1407,561,arts_quad,46.0
1408,561,eng_quad,45.0
1409,561,ag_quad,47.0
1410,562,arts_quad,44.0
1411,562,eng_quad,42.0
1412,562,ag_quad,46.0
1413,564,arts_quad,49.0
1414,564,eng_quad,47.0
1415,564,ag_quad,49.0
1416,565,arts_quad,49.0
1417,565,eng_quad,47.0
1418,565,ag_quad,49.0
1419,567,arts_quad,54.0
1420,567,eng_quad,52.0
1421,567,ag_quad,54.0
1422,568,arts_quad,55.0
1423,568,eng_quad,53.0
1424,568,ag_quad,55.0
1425,569,arts_quad,67.0
1426,569,eng_quad,66.0
1427,569,ag_quad,69.0
1428,570,arts_quad,68.0
1429,570,eng_quad,66.0
1430,570,ag_quad,69.0
1431,5707,arts_quad,36.0
1432,5707,eng_quad,35.0
1433,5707,ag_quad,35.0
1434,5708,arts_quad,36.0
1435,5708,eng_quad,35.0
1436,5708,ag_quad,35.0
1437,571,arts_quad,70.0
1438,571,eng_quad,66.0
1439,571,ag_quad,69.0
1440,5711,arts_quad,36.0
1441,5711,eng_quad,35.0
1442,5711,ag_quad,35.0
1443,5712,arts_quad,36.0
1444,5712,eng_quad,35.0
1445,5712,ag_quad,35.0
1446,5715,arts_quad,36.0
1447,5715,eng_quad,35.0
1448,5715,ag_quad,35.0
1449,5716,arts_quad,36.0
1450,5716,eng_quad,35.0
1451,5716,ag_quad,35.0
1452,5719,arts_quad,36.0
1453,5719,eng_quad,35.0
1454,5719,ag_quad,35.0
1455,572,arts_quad,70.0
1456,572,eng_quad,66.0
1457,572,ag_quad,69.0
1458,5720,arts_quad,36.0
1459,5720,eng_quad,35.0
1460,5720,ag_quad,35.0
1461,5721,arts_quad,36.0
1462,5721,eng_quad,35.0
1463,5721,ag_quad,35.0
1464,5722,arts_quad,36.0
1465,5722,eng_quad,35.0
1466,5722,ag_quad,35.0
1467,5729,arts_quad,36.0
1468,5729,eng_quad,35.0
1469,5729,ag_quad,35.0
1470,5730,arts_quad,36.0
1471,5730,eng_quad,35.0
1472,5730,ag_quad,35.0
1473,5733,arts_quad,36.0
1474,5733,eng_quad,35.0
1475,5733,ag_quad,35.0
1476,5734,arts_quad,36.0
1477,5734,eng_quad,35.0
1478,5734,ag_quad,35.0
1479,5736,arts_quad,36.0
1480,5736,eng_quad,35.0
1481,5736,ag_quad,35.0
1482,5737,arts_quad,
1483,5737,eng_quad,
1484,5737,ag_quad,
1485,5738,arts_quad,
1486,5738,eng_quad,
1487,5738,ag_quad,
1488,5741,arts_quad,
1489,5741,eng_quad,
1490,5741,ag_quad,
1491,5742,arts_quad,
1492,5742,eng_quad,
1493,5742,ag_quad,
1494,5743,arts_quad,
1495,5743,eng_quad,
1496,5743,ag_quad,
1497,5744,arts_quad,
1498,5744,eng_quad,
1499,5744,ag_quad,
1500,5745,arts_quad,
1501,5745,eng_quad,
1502,5745,ag_quad,
1503,5746,arts_quad,
1504,5746,eng_quad,
1505,5746,ag_quad,
1506,5748,arts_quad,
1507,5748,eng_quad,
1508,5748,ag_quad,
1509,5749,arts_quad,
1510,5749,eng_quad,
1511,5749,ag_quad,
1512,5752,arts_quad,37.0
1513,5752,eng_quad,36.0
1514,5752,ag_quad,36.0
1515,5753,arts_quad,36.0
1516,5753,eng_quad,35.0
1517,5753,ag_quad,35.0
1518,5754,arts_quad,37.0
1519,5754,eng_quad,36.0
1520,5754,ag_quad,36.0
1521,5759,arts_quad,38.0
1522,5759,eng_quad,37.0
1523,5759,ag_quad,37.0
1524,5760,arts_quad,38.0
1525,5760,eng_quad,37.0
1526,5760,ag_quad,37.0
1527,5771,arts_quad,
1528,5771,eng_quad,
1529,5771,ag_quad,
1530,5779,arts_quad,36.0
1531,5779,eng_quad,35.0
1532,5779,ag_quad,35.0
1533,5780,arts_quad,36.0
1534,5780,eng_quad,35.0
1535,5780,ag_quad,35.0
1536,5785,arts_quad,36.0
1537,5785,eng_quad,35.0
1538,5785,ag_quad,35.0
1539,5786,arts_quad,36.0
1540,5786,eng_quad,35.0
1541,5786,ag_quad,35.0
1542,5787,arts_quad,36.0
1543,5787,eng_quad,35.0
1544,5787,ag_quad,35.0
1545,5788,arts_quad,36.0
1546,5788,eng_quad,35.0
1547,5788,ag_quad,35.0
1548,5792,arts_quad,36.0
1549,5792,eng_quad,35.0
1550,5792,ag_quad,35.0
1551,5794,arts_quad,36.0
1552,5794,eng_quad,35.0
1553,5794,ag_quad,35.0
1554,5795,arts_quad,36.0
1555,5795,eng_quad,35.0
1556,5795,ag_quad,35.0
1557,5796,arts_quad,36.0
1558,5796,eng_quad,35.0
1559,5796,ag_quad,35.0
1560,6321,arts_quad,50.0
1561,6321,eng_quad,48.0
1562,6321,ag_quad,50.0
1563,6322,arts_quad,50.0
1564,6322,eng_quad,48.0
1565,6322,ag_quad,50.0
1566,6329,arts_quad,103.0
1567,6329,eng_quad,105.0
1568,6329,ag_quad,110.0
1569,6330,arts_quad,103.0
1570,6330,eng_quad,105.0
1571,6330,ag_quad,110.0
1572,6337,arts_quad,112.0
1573,6337,eng_quad,114.0
1574,6337,ag_quad,119.0
1575,6338,arts_quad,112.0
1576,6338,eng_quad,114.0
1577,6338,ag_quad,119.0
1578,6343,arts_quad,118.0
1579,6343,eng_quad,
1580,6343,ag_quad,
1581,6344,arts_quad,118.0
1582,6344,eng_quad,
1583,6344,ag_quad,
1584,6349,arts_quad,118.0
1585,6349,eng_quad,
1586,6349,ag_quad,
1587,6350,arts_quad,118.0
1588,6350,eng_quad,
1589,6350,ag_quad,
1590,6351,arts_quad,118.0
1591,6351,eng_quad,
1592,6351,ag_quad,
1593,6352,arts_quad,118.0
1594,6352,eng_quad,
1595,6352,ag_quad,
1596,6353,arts_quad,118.0
1597,6353,eng_quad,
1598,6353,ag_quad,
1599,6354,arts_quad,118.0
1600,6354,eng_quad,
1601,6354,ag_quad,
1602,6357,arts_quad,118.0
1603,6357,eng_quad,
1604,6357,ag_quad,
1605,6358,arts_quad,118.0
1606,6358,eng_quad,
1607,6358,ag_quad,
1608,6363,arts_quad,118.0
1609,6363,eng_quad,
1610,6363,ag_quad,
1611,6364,arts_quad,118.0
1612,6364,eng_quad,
1613,6364,ag_quad,
1614,6367,arts_quad,118.0
1615,6367,eng_quad,
1616,6367,ag_quad,
1617,6368,arts_quad,118.0
1618,6368,eng_quad,
1619,6368,ag_quad,
1620,6374,arts_quad,118.0
1621,6374,eng_quad,
1622,6374,ag_quad,
1623,6511,arts_quad,
1624,6511,eng_quad,
1625,6511,ag_quad,
1626,6515,arts_quad,
1627,6515,eng_quad,
1628,6515,ag_quad,
1629,6519,arts_quad,
1630,6519,eng_quad,
1631,6519,ag_quad,
1632,6524,arts_quad,
1633,6524,eng_quad,
1634,6524,ag_quad,
1635,6532,arts_quad,
1636,6532,eng_quad,
1637,6532,ag_quad,
1638,661,arts_quad,34.0
1639,661,eng_quad,33.0
1640,661,ag_quad,40.0
1641,663,arts_quad,32.0
1642,663,eng_quad,32.0
1643,663,ag_quad,39.0
1644,664,arts_quad,32.0
1645,664,eng_quad,32.0
1646,664,ag_quad,39.0
1647,665,arts_quad,35.0
1648,665,eng_quad,34.0
1649,665,ag_quad,40.0
1650,668,arts_quad,36.0
1651,668,eng_quad,34.0
1652,668,ag_quad,41.0
1653,669,arts_quad,38.0
1654,669,eng_quad,37.0
1655,669,ag_quad,43.0
1656,6711,arts_quad,90.0
1657,6711,eng_quad,92.0
1658,6711,ag_quad,96.0
1659,6712,arts_quad,89.0
1660,6712,eng_quad,91.0
1661,6712,ag_quad,96.0
1662,6713,arts_quad,118.0
1663,6713,eng_quad,118.0
1664,6713,ag_quad,
1665,6714,arts_quad,103.0
1666,6714,eng_quad,103.0
1667,6714,ag_quad,108.0
1668,6717,arts_quad,115.0
1669,6717,eng_quad,116.0
1670,6717,ag_quad,119.0
1671,6718,arts_quad,115.0
1672,6718,eng_quad,115.0
1673,6718,ag_quad,118.0
1674,672,arts_quad,35.0
1675,672,eng_quad,34.0
1676,672,ag_quad,40.0
1677,6720,arts_quad,
1678,6720,eng_quad,
1679,6720,ag_quad,
1680,6721,arts_quad,
1681,6721,eng_quad,
1682,6721,ag_quad,
1683,673,arts_quad,35.0
1684,673,eng_quad,34.0
1685,673,ag_quad,40.0
1686,676,arts_quad,38.0
1687,676,eng_quad,37.0
1688,676,ag_quad,43.0
1689,6767,arts_quad,
1690,6767,eng_quad,
1691,6767,ag_quad,
1692,6775,arts_quad,
1693,6775,eng_quad,
1694,6775,ag_quad,
1695,6779,arts_quad,
1696,6779,eng_quad,
1697,6779,ag_quad,
1698,6781,arts_quad,
1699,6781,eng_quad,
1700,6781,ag_quad,
1701,6784,arts_quad,
1702,6784,eng_quad,
1703,6784,ag_quad,
1704,6787,arts_quad,
1705,6787,eng_quad,
1706,6787,ag_quad,
1707,6789,arts_quad,
1708,6789,eng_quad,
1709,6789,ag_quad,
1710,679,arts_quad,38.0
1711,679,eng_quad,37.0
1712,679,ag_quad,43.0
1713,703,arts_quad,48.0
1714,703,eng_quad,46.0
1715,703,ag_quad,49.0
1716,704,arts_quad,49.0
1717,704,eng_quad,47.0
1718,704,ag_quad,49.0
1719,705,arts_quad,50.0
1720,705,eng_quad,48.0
1721,705,ag_quad,50.0
1722,706,arts_quad,50.0
1723,706,eng_quad,48.0
1724,706,ag_quad,50.0
1725,709,arts_quad,50.0
1726,709,eng_quad,48.0
1727,709,ag_quad,50.0
1728,710,arts_quad,50.0
1729,710,eng_quad,48.0
1730,710,ag_quad,50.0
1731,713,arts_quad,50.0
1732,713,eng_quad,48.0
1733,713,ag_quad,50.0
1734,715,arts_quad,50.0
1735,715,eng_quad,48.0
1736,715,ag_quad,50.0
1737,731,arts_quad,50.0
1738,731,eng_quad,48.0
1739,731,ag_quad,50.0
1740,732,arts_quad,50.0
1741,732,eng_quad,48.0
1742,732,ag_quad,50.0
1743,733,arts_quad,50.0
1744,733,eng_quad,48.0
1745,733,ag_quad,50.0
1746,734,arts_quad,50.0
1747,734,eng_quad,48.0
1748,734,ag_quad,50.0
1749,736,arts_quad,50.0
1750,736,eng_quad,48.0
1751,736,ag_quad,50.0
1752,737,arts_quad,50.0
1753,737,eng_quad,48.0
1754,737,ag_quad,50.0
1755,738,arts_quad,50.0
1756,738,eng_quad,48.0
1757,738,ag_quad,50.0
1758,744,arts_quad,50.0
1759,744,eng_quad,48.0
1760,744,ag_quad,50.0
1761,745,arts_quad,50.0
1762,745,eng_quad,48.0
1763,745,ag_quad,50.0
1764,747,arts_quad,50.0
1765,747,eng_quad,48.0
1766,747,ag_quad,50.0
1767,748,arts_quad,50.0
1768,748,eng_quad,48.0
1769,748,ag_quad,50.0
1770,750,arts_quad,50.0
1771,750,eng_quad,48.0
1772,750,ag_quad,50.0
1773,751,arts_quad,50.0
1774,751,eng_quad,48.0
1775,751,ag_quad,50.0
1776,752,arts_quad,50.0
1777,752,eng_quad,48.0
1778,752,ag_quad,50.0
1779,753,arts_quad,50.0
1780,753,eng_quad,48.0
1781,753,ag_quad,50.0
1782,754,arts_quad,50.0
1783,754,eng_quad,48.0
1784,754,ag_quad,50.0
1785,755,arts_quad,50.0
1786,755,eng_quad,48.0
1787,755,ag_quad,50.0
1788,756,arts_quad,50.0
1789,756,eng_quad,48.0
1790,756,ag_quad,50.0
1791,757,arts_quad,50.0
1792,757,eng_quad,48.0
1793,757,ag_quad,50.0
1794,767,arts_quad,50.0
1795,767,eng_quad,48.0
1796,767,ag_quad,50.0
1797,768,arts_quad,50.0
1798,768,eng_quad,48.0
1799,768,ag_quad,50.0
1800,773,arts_quad,50.0
1801,773,eng_quad,48.0
1802,773,ag_quad,50.0
1803,774,arts_quad,50.0
1804,774,eng_quad,48.0
1805,774,ag_quad,50.0
1806,779,arts_quad,50.0
1807,779,eng_quad,48.0
1808,779,ag_quad,50.0
1809,780,arts_quad,50.0
1810,780,eng_quad,48.0
1811,780,ag_quad,50.0
1812,786,arts_quad,50.0
1813,786,eng_quad,48.0
1814,786,ag_quad,50.0
1815,900,arts_quad,20.0
1816,900,eng_quad,21.0
1817,900,ag_quad,26.0
1818,901,arts_quad,20.0
1819,901,eng_quad,22.0
1820,901,ag_quad,27.0
1821,903,arts_quad,20.0
1822,903,eng_quad,22.0
1823,903,ag_quad,27.0
1824,905,arts_quad,26.0
1825,905,eng_quad,25.0
1826,905,ag_quad,30.0
1827,906,arts_quad,26.0
1828,906,eng_quad,25.0
1829,906,ag_quad,30.0
1830,907,arts_quad,26.0
1831,907,eng_quad,25.0
1832,907,ag_quad,30.0
1833,911,arts_quad,26.0
1834,911,eng_quad,27.0
1835,911,ag_quad,32.0
1836,913,arts_quad,26.0
1837,913,eng_quad,26.0
1838,913,ag_quad,31.0
1839,914,arts_quad,26.0
1840,914,eng_quad,27.0
1841,914,ag_quad,32.0
1842,918,arts_quad,28.0
1843,918,eng_quad,29.0
1844,918,ag_quad,34.0
1845,920,arts_quad,28.0
1846,920,eng_quad,30.0
1847,920,ag_quad,35.0
1848,925,arts_quad,24.0
1849,925,eng_quad,27.0
1850,925,ag_quad,32.0
1851,926,arts_quad,24.0
1852,926,eng_quad,28.0
1853,926,ag_quad,33.0
1854,927,arts_quad,26.0
1855,927,eng_quad,28.0
1856,927,ag_quad,33.0
1857,928,arts_quad,25.0
1858,928,eng_quad,27.0
1859,928,ag_quad,32.0
1860,929,arts_quad,29.0
1861,929,eng_quad,31.0
1862,929,ag_quad,36.0
1863,930,arts_quad,29.0
1864,930,eng_quad,31.0
1865,930,ag_quad,36.0
1866,932,arts_quad,29.0
1867,932,eng_quad,31.0
1868,932,ag_quad,36.0
1869,933,arts_quad,32.0
1870,933,eng_quad,32.0
1871,933,ag_quad,39.0
1872,934,arts_quad,31.0
1873,934,eng_quad,32.0
1874,934,ag_quad,38.0
1875,940,arts_quad,37.0
1876,940,eng_quad,36.0
1877,940,ag_quad,43.0
1878,941,arts_quad,36.0
1879,941,eng_quad,35.0
1880,941,ag_quad,42.0
1881,946,arts_quad,40.0
1882,946,eng_quad,40.0
1883,946,ag_quad,46.0
1884,953,arts_quad,28.0
1885,953,eng_quad,30.0
1886,953,ag_quad,35.0
1887,954,arts_quad,28.0
1888,954,eng_quad,30.0
1889,954,ag_quad,35.0
1890,996,arts_quad,36.0
1891,996,eng_quad,33.0
1892,996,ag_quad,41.0
1893,997,arts_quad,37.0
1894,997,eng_quad,35.0
1895,997,ag_quad,42.0
1896,998,arts_quad,37.0
1897,998,eng_quad,34.0
1898,998,ag_quad,42.0
